timestamp,tag_id,x,y,z
2025-06-26T21:21:46,apriltag_19,0.0031528556631006534,-0.0003964235525422467,0.06921110528039699
2025-06-26T21:21:46,apriltag_19,0.0016616991210960475,-0.0019605542998417753,0.06691462919732734
2025-06-26T21:21:46,apriltag_19,0.0004572781445150122,-0.003343131877484358,0.0680569339254525
2025-06-26T21:21:47,apriltag_19,0.00024980292856987413,-0.008157337880035472,0.08325490487771932
2025-06-26T21:21:48,apriltag_19,0.00013007633625200285,-0.007949556137138393,0.08534139374741527
2025-06-26T21:21:48,apriltag_19,4.817253308995926e-05,-0.008302144873255613,0.08541862310477283
2025-06-26T21:21:48,apriltag_19,4.153213520433073e-05,-0.00815088523213764,0.08531117544727264
2025-06-26T21:21:48,apriltag_19,-0.00016099588148209818,-0.0042876105937515955,0.08571896467920784
2025-06-26T21:21:48,apriltag_19,-0.00022372718892063658,-0.003427426992748506,0.08556644493276953
2025-06-26T21:21:48,apriltag_19,-0.000202777454406571,-0.0028096238897855766,0.0859787872230724
2025-06-26T21:21:48,apriltag_19,-6.035948523127584e-05,-0.0027552886485111595,0.08609750601061032
2025-06-26T21:21:48,apriltag_19,-0.00015129256410205077,-0.002871339845698343,0.08545108994860115
2025-06-26T21:21:48,apriltag_19,-0.00023808168442293186,-0.0033435011754263597,0.08495331547263087
2025-06-26T21:21:48,apriltag_19,3.1907869323697925e-05,-0.0032724440591799437,0.08483113848530513
2025-06-26T21:21:49,apriltag_19,8.473806627690268e-05,-0.003232813036072442,0.08467829213736362
2025-06-26T21:21:49,apriltag_19,-0.00015664465187445207,-0.0023747783148385312,0.0845838256756966
2025-06-26T21:21:49,apriltag_19,-0.0001321833948016399,-0.00221752374497665,0.08463306495837085
2025-06-26T21:21:49,apriltag_19,-0.00017988017671065063,-0.0020403891215810444,0.08451929505276114
2025-06-26T21:21:49,apriltag_19,-0.00047518585551277096,-0.0015839173419020657,0.08435722674027046
2025-06-26T21:21:49,apriltag_19,-0.0011246077880612572,0.0021943289171377756,0.08509753587133402
2025-06-26T21:21:49,apriltag_19,-0.001385273353176536,0.002439234611099981,0.08512942333864827
2025-06-26T21:21:49,apriltag_19,-0.0016002505208671557,0.0025058757762055008,0.0851721782040813
2025-06-26T21:21:49,apriltag_19,-0.0016800925090915489,0.0039168732268643714,0.08457163993694375
2025-06-26T21:21:50,apriltag_19,-0.0017310631338120668,0.004030683591440884,0.08420554812020103
2025-06-26T21:21:50,apriltag_19,-0.0017322406634749446,0.004020496517654055,0.08437291446774497
2025-06-26T21:21:50,apriltag_19,-0.0013936527462410113,0.003562777989979391,0.08553673300476965
2025-06-26T21:21:50,apriltag_19,-9.602558365934708e-05,0.002362237776278057,0.08561676110907115
2025-06-26T21:21:50,apriltag_19,0.00037882794790773726,0.0019958529546365146,0.08514348878490285
2025-06-26T21:21:50,apriltag_19,0.0006341912118167436,0.0016450976404965647,0.08497263842575047
2025-06-26T21:21:50,apriltag_19,0.0006840801482020937,0.0015090093464739725,0.08507141832634356
2025-06-26T21:21:50,apriltag_19,0.0008644351385713197,0.0013966607887158492,0.0849786226224199
2025-06-26T21:21:50,apriltag_19,0.0007919719814174971,0.0012967342422800564,0.08486365913281252
2025-06-26T21:21:50,apriltag_19,0.0009670657594305296,0.0009082549844707384,0.08464488088826859
2025-06-26T21:21:51,apriltag_19,8.158924491157762e-06,5.8198104891386654e-05,0.08406795332682726
2025-06-26T21:21:51,apriltag_19,-8.208892018049687e-05,0.0005569499838061533,0.08432293497386266
2025-06-26T21:21:51,apriltag_19,-0.0002549419833031804,0.0008682316583098856,0.08445113292913968
2025-06-26T21:21:51,apriltag_19,-0.00040711147809875003,-0.0003047478765573168,0.08345914416708922
2025-06-26T21:21:51,apriltag_19,-0.0004211734468041834,-0.0002596170463336453,0.08345691271357927
2025-06-26T21:21:51,apriltag_19,4.304902770223921e-05,-0.0001651555352225439,0.08325031595518331
2025-06-26T21:21:51,apriltag_19,0.0005539336417857628,-0.0003120032303171074,0.0831108414528043
2025-06-26T21:21:51,apriltag_19,-0.0002985538102880193,-0.0002492402571553715,0.08116404053840327
2025-06-26T21:21:51,apriltag_19,0.0018077742808853944,-0.0026740278226139768,0.07937315905819414
2025-06-26T21:21:52,apriltag_19,0.002873304058066949,-0.0025556238693452264,0.07896180442499277
2025-06-26T21:21:52,apriltag_19,0.0021266890535952014,-0.003110731463678504,0.07862192807766537
2025-06-26T21:21:52,apriltag_19,0.0015610959617235077,-0.0029329407135155723,0.07887106947372287
2025-06-26T21:21:52,apriltag_19,0.00613459762133216,-0.0023629813862155883,0.07753043432865246
2025-06-26T21:21:52,apriltag_19,0.006110387283061129,-0.001688657149491915,0.07798142279566854
2025-06-26T21:21:52,apriltag_19,0.006419667592794596,-0.0014388129892195132,0.07827052542858781
2025-06-26T21:21:52,apriltag_19,0.007105085005559962,-0.001182898207980608,0.07863263721838329
2025-06-26T21:21:52,apriltag_19,0.004805254905452869,-0.006548154396971371,0.07958746893427841
2025-06-26T21:21:52,apriltag_19,0.0056903336402332845,-0.006871769795744028,0.07973755962103436
2025-06-26T21:21:53,apriltag_19,0.005278657862182424,-0.007135486259933565,0.07949944451540261
2025-06-26T21:21:53,apriltag_19,0.004764030539985515,-0.00705860193126813,0.07943636743180377
2025-06-26T21:21:53,apriltag_19,-0.008166923983228803,-0.0012414889228969522,0.0794800594736618
2025-06-26T21:21:53,apriltag_19,-0.007528127280250161,-0.0003727398876681383,0.08000081705359792
2025-06-26T21:21:53,apriltag_19,-0.006690437042485091,9.932690037041309e-05,0.08013354367449145
2025-06-26T21:21:53,apriltag_19,-0.0060053946194130355,-0.004667478046140287,0.07873942837919959
2025-06-26T21:21:53,apriltag_19,-0.005928318395421171,-0.004582560909425146,0.07861518954342828
2025-06-26T21:21:53,apriltag_19,-0.006148848011655772,-0.003045607882717754,0.07805864312240544
2025-06-26T21:21:54,apriltag_19,-0.005152640219349346,-0.0012224903620677418,0.07860317214560456
2025-06-26T21:21:54,apriltag_19,-0.0038751671147075825,-0.00015507429131760724,0.07957600444119652
2025-06-26T21:21:54,apriltag_19,-0.00324455565755043,-0.0001298999936363355,0.07974335497315496
2025-06-26T21:21:54,apriltag_19,-0.0026282713255506786,-0.0006457989493982033,0.07985629618982082
2025-06-26T21:21:54,apriltag_19,0.0020081131505263164,-0.000468929725986932,0.07919731703622769
2025-06-26T21:21:54,apriltag_19,0.0031142950373813463,-0.0004133042251446457,0.08404897604296917
2025-06-26T21:21:54,apriltag_19,0.0023262607548407417,-0.001771497974388707,0.08413488814467936
2025-06-26T21:21:54,apriltag_19,0.002852981494487828,-0.001492599206402489,0.08364783739285948
2025-06-26T21:21:54,apriltag_19,0.0033033984259712855,-0.0012609976284892598,0.08414724162420256
2025-06-26T21:21:54,apriltag_19,-0.0003974068829864652,-0.0037122611508870573,0.08404051862593782
2025-06-26T21:21:55,apriltag_19,-3.932227466301358e-05,-0.003191636884398693,0.08461595269876154
2025-06-26T21:21:55,apriltag_19,-0.0010337522531617665,-0.0037593300247126577,0.08514658326155153
2025-06-26T21:21:55,apriltag_19,-0.0009238161242983039,-0.003999829132331987,0.08486029624097335
2025-06-26T21:21:55,apriltag_19,-0.0021769505420179717,-0.003974999876622981,0.08400933429831889
2025-06-26T21:21:55,apriltag_19,-0.0025469282391978897,-0.004264051185756934,0.08484941739563547
2025-06-26T21:21:55,apriltag_19,-0.0022217606730394546,-0.004472863460020278,0.08470534529301713
2025-06-26T21:21:55,apriltag_19,-0.0019180442110902991,-0.004467411587902712,0.08454266092973826
2025-06-26T21:21:55,apriltag_19,-0.001848173669958766,-0.0045351070038768485,0.08458938848963607
2025-06-26T21:21:55,apriltag_19,-0.0014203583322934595,-0.005447815933220214,0.08484052221681668
2025-06-26T21:21:55,apriltag_19,-0.0012866903350730954,-0.005434646441174147,0.08483060349755091
2025-06-26T21:21:56,apriltag_19,-0.0011704335610764301,-0.0054206791616450666,0.0848043784941025
2025-06-26T21:21:56,apriltag_19,-0.0013146934379357595,-0.0055846210005744655,0.0842989590517852
2025-06-26T21:21:56,apriltag_19,-0.0008733446470014878,-0.0054464457527859875,0.08394090994829842
2025-06-26T21:21:56,apriltag_19,-0.00066820166473954,-0.00529880310354648,0.08394704296382985
2025-06-26T21:21:56,apriltag_19,-0.0007681081333593434,-0.005368375041664943,0.08419215663477302
2025-06-26T21:21:56,apriltag_19,-0.0006576031775314541,-0.00547959022216699,0.08402126524291444
2025-06-26T21:21:56,apriltag_19,-0.0005295122544996837,-0.005299343789442018,0.08401926148944909
2025-06-26T21:21:56,apriltag_19,0.00010248353980713003,-0.005127208176162257,0.08379193270350319
2025-06-26T21:21:56,apriltag_19,0.0002399240182196641,-0.0051134652931712505,0.08364491375243242
2025-06-26T21:21:57,apriltag_19,0.0002707443304507355,-0.005156128013835075,0.08376975441522296
2025-06-26T21:21:57,apriltag_19,0.00041770667674377344,-0.005075055362426961,0.08364434705427086
2025-06-26T21:21:57,apriltag_19,0.00046028349952573894,-0.004951850509910489,0.08378617778464668
2025-06-26T21:21:57,apriltag_19,0.0007882672990155998,-0.005215726176759633,0.08369318640923762
2025-06-26T21:21:57,apriltag_19,0.0008112657074554842,-0.005223281136294942,0.08365442130288582
2025-06-26T21:21:57,apriltag_19,0.0009653409378786484,-0.005218678891612384,0.08367657655578686
2025-06-26T21:21:57,apriltag_19,0.0015112835465894356,-0.005360820459287192,0.08343431972766856
2025-06-26T21:21:57,apriltag_19,0.001761079247189798,-0.005232633860372534,0.08346559214484138
2025-06-26T21:21:57,apriltag_19,0.0017798334427887852,-0.005336074394867002,0.08355599699993317
2025-06-26T21:21:58,apriltag_19,0.0020055604851632325,-0.0054939980082328276,0.08366529484509047
2025-06-26T21:21:58,apriltag_19,0.002151063107328887,-0.005382929821546821,0.08361133294457825
2025-06-26T21:21:58,apriltag_19,0.0021995776528589083,-0.0052368279350720566,0.08363447340468011
2025-06-26T21:21:58,apriltag_19,0.002053099117524505,-0.005293742134441793,0.08359033016223584
2025-06-26T21:21:58,apriltag_19,0.00199262230527611,-0.0052484463484390185,0.08352775947547227
2025-06-26T21:21:58,apriltag_19,0.002185596164306064,-0.004875112280699997,0.08333250919651704
2025-06-26T21:21:58,apriltag_19,0.0021038887862825286,-0.004769621229691935,0.08347944731068246
2025-06-26T21:21:58,apriltag_19,0.0020369702173313603,-0.004802659925352172,0.08369658700350738
2025-06-26T21:21:58,apriltag_19,0.002505835733312955,-0.00422247280027988,0.08368790328055956
2025-06-26T21:21:59,apriltag_19,0.002503983756007156,-0.00391777186504701,0.08388281967107197
2025-06-26T21:21:59,apriltag_19,0.002480043959300806,-0.003938227014074797,0.08388617060797837
2025-06-26T21:21:59,apriltag_19,0.0026329041757919315,-0.003951621903949514,0.08414083736606857
2025-06-26T21:21:59,apriltag_19,0.0026604352713782,-0.003970042887751751,0.08409943348098076
2025-06-26T21:21:59,apriltag_19,0.002763699960885061,-0.003929850234727008,0.08408161590374519
2025-06-26T21:21:59,apriltag_19,0.003033912306425418,-0.003716029188970471,0.08387240232451443
2025-06-26T21:21:59,apriltag_19,0.003004692453396019,-0.003691470974412573,0.08376289482909759
2025-06-26T21:21:59,apriltag_19,0.003004692453396019,-0.003691470974412573,0.08376289482909759
2025-06-26T21:21:59,apriltag_19,0.003126083277017994,-0.0037721655000631108,0.0837901571680113
2025-06-26T21:22:00,apriltag_19,0.003074924275896869,-0.00400726759322976,0.08376922476173389
2025-06-26T21:22:00,apriltag_19,0.0032030671568771584,-0.003919442304560649,0.08363328206563786
2025-06-26T21:22:00,apriltag_19,0.0032487620405926634,-0.004044589753889455,0.08361786674787416
2025-06-26T21:22:00,apriltag_19,0.003654931951956829,-0.004029335036766341,0.0835287356651093
2025-06-26T21:22:00,apriltag_19,0.003654304565197758,-0.004141078694399644,0.08343328199501042
2025-06-26T21:22:00,apriltag_19,0.003673322382497729,-0.004126135616001938,0.083409277217268
2025-06-26T21:22:00,apriltag_19,0.003664022843911097,-0.004097637865261857,0.08346440785967853
2025-06-26T21:22:00,apriltag_19,0.0037031020198959983,-0.004244923168166084,0.08351227817654829
2025-06-26T21:22:00,apriltag_19,0.003698145235528743,-0.004263517078544975,0.0835091391149436
2025-06-26T21:22:01,apriltag_19,0.0036523675197968615,-0.00429141646105913,0.08350196923331901
2025-06-26T21:22:01,apriltag_19,0.0038848187854645918,-0.003815065599395531,0.08344378618823599
2025-06-26T21:22:01,apriltag_19,0.00396313048487509,-0.003745635251751624,0.08349446853132572
2025-06-26T21:22:01,apriltag_19,0.003933575965908369,-0.0037174011290010624,0.08351697413078711
2025-06-26T21:22:01,apriltag_19,0.003964902815613489,-0.0036579713959266546,0.08349517257113036
2025-06-26T21:22:01,apriltag_19,0.0040978074778526535,-0.003499232050664388,0.08344157333477485
2025-06-26T21:22:01,apriltag_19,0.004057949072296999,-0.0036149074633422627,0.083663621510787
2025-06-26T21:22:01,apriltag_19,0.004093832836446196,-0.0035415338963281427,0.0835563140326643
2025-06-26T21:22:01,apriltag_19,0.0041648326781262195,-0.0034138643393579987,0.08360364931941963
2025-06-26T21:22:01,apriltag_19,0.004159684441177946,-0.003337871360025334,0.08360581500434125
2025-06-26T21:22:02,apriltag_19,0.004120013267413731,-0.0033614112062104033,0.08361632122592787
2025-06-26T21:22:02,apriltag_19,0.004158933260747169,-0.003357166321845414,0.08351741579234156
2025-06-26T21:22:02,apriltag_19,0.004253840870719067,-0.0034315149579010073,0.0836014995699256
2025-06-26T21:22:02,apriltag_19,0.004271378475291183,-0.0034673277577727947,0.08341531531590898
2025-06-26T21:22:02,apriltag_19,0.004343372789946626,-0.003351020007313477,0.08336974563030941
2025-06-26T21:22:02,apriltag_19,0.004485425929251472,-0.0032245297610224073,0.08338945458857547
2025-06-26T21:22:02,apriltag_19,0.004606443657067057,-0.003210995806783355,0.08342134486962012
2025-06-26T21:22:02,apriltag_19,0.004544564917356099,-0.0031363738147171193,0.08349629313585613
2025-06-26T21:22:02,apriltag_19,0.004644973032536782,-0.0031466149494171814,0.0833608603886434
2025-06-26T21:22:03,apriltag_19,0.00463037336460397,-0.003177527665741953,0.08340054044186533
2025-06-26T21:22:03,apriltag_19,0.004624368870767582,-0.003215926859321315,0.08341545540766199
2025-06-26T21:22:03,apriltag_19,0.004585296756709958,-0.003218588925856595,0.08340744663173025
2025-06-26T21:22:03,apriltag_19,0.004571145093391146,-0.0032652933266006535,0.08329357991322706
2025-06-26T21:22:03,apriltag_19,0.004691953643978919,-0.0031462711405425363,0.08329976851149995
2025-06-26T21:22:03,apriltag_19,0.004898968324656399,-0.003140951482976224,0.08310030958611266
2025-06-26T21:22:03,apriltag_19,0.004914640921610072,-0.0031776687366002073,0.08300252859276622
2025-06-26T21:22:03,apriltag_19,0.004941430480800369,-0.0032578875864513294,0.08302760517215405
2025-06-26T21:22:03,apriltag_19,0.004961933732957175,-0.0031776400154362814,0.08306498700065468
2025-06-26T21:22:04,apriltag_19,0.0050118342117527505,-0.0030310371635746546,0.08308297516496498
2025-06-26T21:22:04,apriltag_19,0.004977733961020262,-0.003021016347033091,0.083104696816047
2025-06-26T21:22:04,apriltag_19,0.005032528178499863,-0.003023208351191246,0.08309810231873418
2025-06-26T21:22:04,apriltag_19,0.005091557143782457,-0.0027802913896761605,0.08314072130423496
2025-06-26T21:22:04,apriltag_19,0.005112161005364534,-0.0027935915069307315,0.08317311763451421
2025-06-26T21:22:04,apriltag_19,0.0052262510724790335,-0.002724164185707378,0.08312148660236592
2025-06-26T21:22:04,apriltag_19,0.0051629484501659224,-0.002747126797681543,0.08318227589054471
2025-06-26T21:22:04,apriltag_19,0.005238706564645909,-0.0026687717510958703,0.0832137311616583
2025-06-26T21:22:05,apriltag_19,0.005198525252234596,-0.002708414948454527,0.08315791655829734
2025-06-26T21:22:05,apriltag_19,0.005311959350267205,-0.002655256381440226,0.08318291306331588
2025-06-26T21:22:05,apriltag_19,0.005331658735358147,-0.002606000278309729,0.08323356059760391
2025-06-26T21:22:05,apriltag_19,0.005517002376455167,-0.002597277786034843,0.08321786501212027
2025-06-26T21:22:05,apriltag_19,0.005525059449560546,-0.0025881261602426777,0.08324049180633407
2025-06-26T21:22:05,apriltag_19,0.005657162400753236,-0.002596562834718741,0.0831595821947416
2025-06-26T21:22:05,apriltag_19,0.0057381373617794934,-0.0026398664624139746,0.08312320337056507
2025-06-26T21:22:05,apriltag_19,0.00564757242717145,-0.002638635653590076,0.08306216810963839
2025-06-26T21:22:05,apriltag_19,0.005636730723614276,-0.0025108441490186884,0.08314814140465357
2025-06-26T21:22:05,apriltag_19,0.0055634200871593755,-0.002503464496802768,0.08316320342073197
2025-06-26T21:22:05,apriltag_19,0.00552530336627963,-0.002494371990944342,0.08324595017904626
2025-06-26T21:22:06,apriltag_19,0.0055634200871593755,-0.002503464496802768,0.08316320342073197
2025-06-26T21:22:06,apriltag_19,0.005680203747631997,-0.002568460451403872,0.08317237623325006
2025-06-26T21:22:06,apriltag_19,0.005555440917713376,-0.002729255158152105,0.08306350785598848
2025-06-26T21:22:06,apriltag_19,0.005541969381318712,-0.002776209052823361,0.0830541945395371
2025-06-26T21:22:06,apriltag_19,0.005374542847356742,-0.002737927299598394,0.08293105451079887
2025-06-26T21:22:06,apriltag_19,0.005556070305609493,-0.0026931598574444484,0.08286320011431834
2025-06-26T21:22:06,apriltag_19,0.005513028134690143,-0.0026475294816879513,0.08287056222070927
2025-06-26T21:22:06,apriltag_19,0.005650853156167899,-0.0026501417875915015,0.08280367473612536
2025-06-26T21:22:06,apriltag_19,0.005569333933221941,-0.002733846388686543,0.08275896561020035
2025-06-26T21:22:07,apriltag_19,0.005643169163405204,-0.002688598148654329,0.08271638655429037
2025-06-26T21:22:07,apriltag_19,0.0056273706832094695,-0.0026587925108879492,0.08268768373101476
2025-06-26T21:22:07,apriltag_19,0.005739748026886285,-0.0025490757972559236,0.08267102006829677
2025-06-26T21:22:07,apriltag_19,0.005884368761177338,-0.0023158845727756874,0.08269264815159268
2025-06-26T21:22:07,apriltag_19,0.005860609367357732,-0.0023484396187247493,0.08271339156371674
2025-06-26T21:22:07,apriltag_19,0.0057908170059339775,-0.0023165397270750888,0.08269061964434964
2025-06-26T21:22:07,apriltag_19,0.005798576165793679,-0.0024781635046643206,0.08262722051592093
2025-06-26T21:22:07,apriltag_19,0.0057400365543537205,-0.0024559123048399907,0.08267640758765529
2025-06-26T21:22:07,apriltag_19,0.006023104852157223,-0.0024081025785611136,0.08262946853436166
2025-06-26T21:22:07,apriltag_19,0.005954730241760664,-0.0024283472508847986,0.08258242144655839
2025-06-26T21:22:08,apriltag_19,0.005992119532392573,-0.0024709360361022665,0.08264359021060536
2025-06-26T21:22:08,apriltag_19,0.005959189611595718,-0.002424623869153738,0.0827134233752641
2025-06-26T21:22:08,apriltag_19,0.006121691020327782,-0.0023615206232309297,0.08269980839126026
2025-06-26T21:22:08,apriltag_19,0.006155114088943083,-0.0023723341451456523,0.08267547758031503
2025-06-26T21:22:08,apriltag_19,0.00616275019879104,-0.0024101456240541884,0.08268273648023854
2025-06-26T21:22:08,apriltag_19,0.00612207694032429,-0.0023259890592612405,0.0827458966229197
2025-06-26T21:22:08,apriltag_19,0.006144559652739693,-0.0024153030146598017,0.08267526951124704
2025-06-26T21:22:08,apriltag_19,0.0061497319978329225,-0.0023880054366636873,0.08267187408447935
2025-06-26T21:22:08,apriltag_19,0.006154845704374934,-0.002465515169856254,0.08267029015373005
2025-06-26T21:22:09,apriltag_19,0.006248509571503649,-0.0024648877830096513,0.08267219902014963
2025-06-26T21:22:09,apriltag_19,0.006096159143358006,-0.0025204394232547903,0.08264037435082809
2025-06-26T21:22:09,apriltag_19,0.0060139819649359955,-0.0026967321184173955,0.08259174246306104
2025-06-26T21:22:09,apriltag_19,0.0060120643022026415,-0.002822396405664324,0.0825124564286474
2025-06-26T21:22:09,apriltag_19,0.00598013077209764,-0.002852175300244397,0.08247997673710356
2025-06-26T21:22:09,apriltag_19,0.005895638477607538,-0.0028358115741657836,0.08240585533920709
2025-06-26T21:22:09,apriltag_19,0.005970933727737012,-0.002737527310568837,0.08233043880162078
2025-06-26T21:22:09,apriltag_19,0.006051314195330464,-0.002684905050577933,0.08238621324450435
2025-06-26T21:22:09,apriltag_19,0.006042974782407523,-0.0028162271691584357,0.08229528645939335
2025-06-26T21:22:09,apriltag_19,0.006141381536494851,-0.002750622244777969,0.08223977439027227
2025-06-26T21:22:10,apriltag_19,0.006070917038314142,-0.0027314779606833154,0.08234433929430865
2025-06-26T21:22:10,apriltag_19,0.006090782894172375,-0.0028160942419232183,0.08235641123982039
2025-06-26T21:22:10,apriltag_19,0.0061445663909960695,-0.002684258104458388,0.08238822527133513
2025-06-26T21:22:10,apriltag_19,0.006126183931204439,-0.0027009197860012823,0.08241214195773558
2025-06-26T21:22:10,apriltag_19,0.00612279725718508,-0.0026523543264655677,0.08242700257819459
2025-06-26T21:22:10,apriltag_19,0.006002158773695554,-0.002759785892841207,0.08239051548978589
2025-06-26T21:22:10,apriltag_19,0.006021251901811246,-0.002691632691428509,0.08233918464265791
2025-06-26T21:22:10,apriltag_19,0.006038386949770417,-0.00261559384478432,0.08224637737873929
2025-06-26T21:22:10,apriltag_19,0.0060728219066481445,-0.002605506928215873,0.08242362934638169
2025-06-26T21:22:11,apriltag_19,0.005978849708413663,-0.0027919878751227,0.08241126901573284
2025-06-26T21:22:11,apriltag_19,0.005887053381762736,-0.002789242870637846,0.0824178259100878
2025-06-26T21:22:11,apriltag_19,0.005928868435841769,-0.0027451177586991647,0.0824075788917708
2025-06-26T21:22:11,apriltag_19,0.005894059819513431,-0.002598030377857322,0.0824401636981798
2025-06-26T21:22:11,apriltag_19,0.005926367387761417,-0.0026110181181277755,0.08225369725342392
2025-06-26T21:22:11,apriltag_19,0.005741841439296721,-0.0028428254439964544,0.08212530740054809
2025-06-26T21:22:11,apriltag_19,0.005741841439296721,-0.0028428254439964544,0.08212530740054809
2025-06-26T21:22:11,apriltag_19,0.005715944652747426,-0.002787907857483489,0.08221487074239431
2025-06-26T21:22:11,apriltag_19,0.005864541223043808,-0.0026903746319076986,0.08210923000508633
2025-06-26T21:22:11,apriltag_19,0.005837888013743542,-0.002744702079397908,0.08204771307751704
2025-06-26T21:22:11,apriltag_19,0.005948189228521441,-0.002576238948728136,0.08196296473901109
2025-06-26T21:22:12,apriltag_19,0.00606007958531866,-0.0024668069852186686,0.08194602363251813
2025-06-26T21:22:12,apriltag_19,0.0059860644154469235,-0.002400026703538251,0.0818938138169773
2025-06-26T21:22:12,apriltag_19,0.006284213267834318,-0.002181135193525462,0.082113453289262
2025-06-26T21:22:12,apriltag_19,0.0061617911867600465,-0.002176968150521088,0.08224487222569327
2025-06-26T21:22:12,apriltag_19,0.00622465294785975,-0.0022945092131546087,0.08212526570799925
2025-06-26T21:22:12,apriltag_19,0.00633365861884855,-0.0025081625907422615,0.0821460323008345
2025-06-26T21:22:12,apriltag_19,0.006295484750070461,-0.0025338521111453053,0.0821508373289114
2025-06-26T21:22:12,apriltag_19,0.0061949487206330095,-0.0026322162046662893,0.0821340804716256
2025-06-26T21:22:13,apriltag_19,0.006122084973880412,-0.0027043494328149666,0.08201885122702249
2025-06-26T21:22:13,apriltag_19,0.006281578657592276,-0.002687105187326632,0.08205837951715206
2025-06-26T21:22:13,apriltag_19,0.006586691795394686,-0.002462450477546209,0.08223215108488664
2025-06-26T21:22:13,apriltag_19,0.006491808000784265,-0.0025042409053271405,0.08224958285141787
2025-06-26T21:22:13,apriltag_19,0.00633139529445375,-0.002670134674707929,0.08226524100983393
2025-06-26T21:22:13,apriltag_19,0.006475650463419881,-0.002344905627018978,0.08229039716414163
2025-06-26T21:22:13,apriltag_19,0.006422322169006705,-0.0023844889038858235,0.08226541988900729
2025-06-26T21:22:13,apriltag_19,0.006543940536825738,-0.0023243503569262483,0.08224329197769803
2025-06-26T21:22:14,apriltag_19,0.006403397208029011,-0.0025450397515123964,0.08231084891895757
2025-06-26T21:22:14,apriltag_19,0.006403142767621115,-0.0025745001394378657,0.08215229117159192
2025-06-26T21:22:14,apriltag_19,0.006458843018593375,-0.0024433276776682678,0.08221182851159058
2025-06-26T21:22:14,apriltag_19,0.006460155673298941,-0.0025326623825845953,0.08212262459427039
2025-06-26T21:22:14,apriltag_19,0.006441846731246029,-0.002507445354937816,0.0821778982211684
2025-06-26T21:22:14,apriltag_19,0.0063715558644951015,-0.0025110649946037673,0.08212477818197579
2025-06-26T21:22:14,apriltag_19,0.006380684876028636,-0.0023631518419893935,0.08214315235445314
2025-06-26T21:22:14,apriltag_19,0.006338142667527001,-0.0026214803003803077,0.082343129923846
2025-06-26T21:22:14,apriltag_19,0.006391424924872296,-0.0026588584728246224,0.08229183839704232
2025-06-26T21:22:14,apriltag_19,0.006383370727492516,-0.002590798750501538,0.08234801322922851
2025-06-26T21:22:15,apriltag_19,0.00632849768516959,-0.0025706600506336555,0.0822530729940344
2025-06-26T21:22:15,apriltag_19,0.006014460607097554,-0.002402816181065234,0.08220837574325576
2025-06-26T21:22:15,apriltag_19,0.005977694163903226,-0.002389603982958619,0.08237532417908841
2025-06-26T21:22:15,apriltag_19,0.006051175090275217,-0.002253703812795297,0.08233729872059134
2025-06-26T21:22:15,apriltag_19,0.00605902917578144,-0.0022448350210996426,0.08235683466680582
2025-06-26T21:22:15,apriltag_19,0.006136035578393139,-0.002184838477943915,0.08239498793330965
2025-06-26T21:22:15,apriltag_19,0.00615593855957232,-0.002244243143937417,0.08248087261219772
2025-06-26T21:22:15,apriltag_19,0.0060738388787917865,-0.0023266528362466147,0.08243919091693058
2025-06-26T21:22:15,apriltag_19,0.006053972193366544,-0.002283864383541913,0.08239415922707624
2025-06-26T21:22:15,apriltag_19,0.005980839699189422,-0.0022343617333125537,0.08244237100143721
2025-06-26T21:22:16,apriltag_19,0.005980839699189422,-0.0022343617333125537,0.08244237100143721
2025-06-26T21:22:16,apriltag_19,0.006090805135813733,-0.0021228996768083153,0.08239522131136863
2025-06-26T21:22:16,apriltag_19,0.006064309814882691,-0.002276089799899304,0.08234931893749725
2025-06-26T21:22:16,apriltag_19,0.005929887633626244,-0.002271598813393197,0.08229622663095248
2025-06-26T21:22:16,apriltag_19,0.005786728542911853,-0.002170163200635632,0.082229875000147
2025-06-26T21:22:16,apriltag_19,0.005803556836135554,-0.0021991972620675052,0.08225897972940888
2025-06-26T21:22:16,apriltag_19,0.005907334078221521,-0.002062629134756461,0.08226727276950137
2025-06-26T21:22:16,apriltag_19,0.005952442581745577,-0.002124603855701965,0.08226729437703491
2025-06-26T21:22:16,apriltag_19,0.005830411338122485,-0.0021851094052941773,0.08228898139431227
2025-06-26T21:22:17,apriltag_19,0.005925578061833198,-0.0022733349615554404,0.0822013095367976
2025-06-26T21:22:17,apriltag_19,0.0059263847622973995,-0.0022027584571115287,0.0822200778363895
2025-06-26T21:22:17,apriltag_19,0.005907037317181997,-0.0021554212835080662,0.08226209232130094
2025-06-26T21:22:17,apriltag_19,0.005853796730786676,-0.0021532331790276634,0.08226764900284128
2025-06-26T21:22:17,apriltag_19,0.005774420015553313,-0.0021001135948437197,0.0823988149418062
2025-06-26T21:22:17,apriltag_19,0.005788528956162837,-0.0020987708333264393,0.0823706672706077
2025-06-26T21:22:17,apriltag_19,0.005768763922678863,-0.0021562958540056235,0.08232008431141187
2025-06-26T21:22:17,apriltag_19,0.005793228574067735,-0.0020835873105787793,0.0823741570604165
2025-06-26T21:22:17,apriltag_19,0.005780518853937972,-0.0021383099442165727,0.08228532382670266
2025-06-26T21:22:18,apriltag_19,0.00574589198213744,-0.0021614862695184633,0.0822355284234941
2025-06-26T21:22:18,apriltag_19,0.005698433298565277,-0.0021617332588727035,0.08217314821580195
2025-06-26T21:22:18,apriltag_19,0.005781431461573304,-0.002033625711146513,0.0821624517153961
2025-06-26T21:22:18,apriltag_19,0.005823680073331035,-0.001989630368512017,0.08215180509641491
2025-06-26T21:22:18,apriltag_19,0.005803556836135554,-0.0021991972620675052,0.08225897972940888
2025-06-26T21:22:18,apriltag_19,0.00584563672742546,-0.002154916109243837,0.08224859344921222
2025-06-26T21:22:18,apriltag_19,0.005801468593103232,-0.002151945190123089,0.08231766030370945
2025-06-26T21:22:18,apriltag_19,0.005735051433973803,-0.0021386380740273346,0.08234550564873853
2025-06-26T21:22:18,apriltag_19,0.005699908512018637,-0.002084249358076293,0.08237222364466787
2025-06-26T21:22:18,apriltag_19,0.005761182619935099,-0.002047234429836456,0.08245156479274048
2025-06-26T21:22:19,apriltag_19,0.005854567916619395,-0.0020466340351819583,0.08245327647642935
2025-06-26T21:22:19,apriltag_19,0.005894819934347953,-0.0020432982997781544,0.08246108824176904
2025-06-26T21:22:19,apriltag_19,0.005836555377006099,-0.0018347127130379749,0.08251834684792651
2025-06-26T21:22:19,apriltag_19,0.005810840704297298,-0.001950269088014932,0.08252845555001798
2025-06-26T21:22:19,apriltag_19,0.005810840704297298,-0.001950269088014932,0.08252845555001798
2025-06-26T21:22:19,apriltag_19,0.00574290481892971,-0.002129649267298533,0.08236532476907273
2025-06-26T21:22:19,apriltag_19,0.005794195850201046,-0.002135732789864854,0.08244356152216838
2025-06-26T21:22:19,apriltag_19,0.005762651706493657,-0.002307076525650577,0.08237325476514373
2025-06-26T21:22:19,apriltag_19,0.005785245780284841,-0.0023607199918611148,0.08234793578949351
2025-06-26T21:22:19,apriltag_19,0.005922703203768922,-0.0023631345165024695,0.08228066860745717
2025-06-26T21:22:20,apriltag_19,0.0060401507026621734,-0.002082581634259403,0.08211873338744999
2025-06-26T21:22:20,apriltag_19,0.005984908506119509,-0.0019065096415281214,0.08204772532201557
2025-06-26T21:22:20,apriltag_19,0.0061298817089127065,-0.0018873053778621298,0.08228601607952929
2025-06-26T21:22:20,apriltag_19,0.006067558460931971,-0.0019448952189268498,0.08231142611387827
2025-06-26T21:22:20,apriltag_19,0.006306566475704688,-0.0017743902501458806,0.08214147000500087
2025-06-26T21:22:20,apriltag_19,0.0063314207446507325,-0.001794460727545631,0.08209609059495276
2025-06-26T21:22:20,apriltag_19,0.006407910734931178,-0.00167277563142856,0.08207455248451757
2025-06-26T21:22:20,apriltag_19,0.006340970139417598,-0.0018439966395008148,0.08218480382193424
2025-06-26T21:22:21,apriltag_19,0.006628557781447992,-0.0015912052870538157,0.08241328372272222
2025-06-26T21:22:21,apriltag_19,0.0066985871766132915,-0.0015292952651272758,0.08244118846292013
2025-06-26T21:22:21,apriltag_19,0.006576688882794052,-0.0016899881747872863,0.08246055143336041
2025-06-26T21:22:21,apriltag_19,0.006490975483715783,-0.0017692456997758564,0.08237648353502103
2025-06-26T21:22:21,apriltag_19,0.006449669489351529,-0.0017542209781190095,0.08234974612557246
2025-06-26T21:22:21,apriltag_19,0.006531971645487314,-0.00167255140397277,0.08238947170520813
2025-06-26T21:22:21,apriltag_19,0.006297810257183473,-0.0018100409982332148,0.08231994087415648
2025-06-26T21:22:21,apriltag_19,0.006316736376868744,-0.0016389517842729598,0.08214745823187676
2025-06-26T21:22:21,apriltag_19,0.006459196776779934,-0.0015252233300413866,0.08200377198653727
2025-06-26T21:22:22,apriltag_19,0.0059844879447894265,-0.001160012582330634,0.08207483362916741
2025-06-26T21:22:22,apriltag_19,0.0061177217630641,-0.0011662264571762808,0.08221326225050798
2025-06-26T21:22:22,apriltag_19,0.006036104077602982,-0.0009895148955603682,0.08229174045827257
2025-06-26T21:22:22,apriltag_19,0.006111615564447942,-0.0006964693148764716,0.08234752725387932
2025-06-26T21:22:22,apriltag_19,0.006265555940054209,-0.0005842489892706352,0.08224400995521634
2025-06-26T21:22:27,apriltag_19,0.005662077017086009,-0.025335254895612815,0.10749877356096633
2025-06-26T21:22:27,apriltag_19,0.005173985148225194,-0.02621636128616497,0.10910519828721947
2025-06-26T21:22:29,apriltag_19,-0.008279169064706236,-0.006817143926305789,0.08268720168930396
2025-06-26T21:22:29,apriltag_19,-0.007382559868089703,-0.0010997918564586303,0.0943032869780614
2025-06-26T21:22:30,apriltag_19,-0.006276187276838179,0.001350827638917405,0.0977918087686676
2025-06-26T21:22:30,apriltag_19,-0.005398274856375927,0.004499215771482136,0.10341758143840668
2025-06-26T21:22:30,apriltag_19,-0.0063276872574790114,0.0035548035258073096,0.10390449133067826
2025-06-26T21:22:30,apriltag_19,-0.0059286204159098264,0.004050650789098679,0.10365102353142458
2025-06-26T21:22:30,apriltag_19,-0.005493062425753574,0.004554630877574196,0.1033757814169581
2025-06-26T21:22:30,apriltag_19,-0.00564462057234304,0.005491780937487121,0.10257697255820704
2025-06-26T21:22:30,apriltag_19,-0.005916702351263401,0.005999302116338601,0.10321203962863834
2025-06-26T21:22:30,apriltag_19,-0.006139376938668607,0.005973830938309411,0.10339588370936928
2025-06-26T21:22:32,apriltag_19,-0.012329000971552682,-0.007385465758842068,0.09252705774367649
2025-06-26T21:22:32,apriltag_19,-0.012809844424182162,-0.007301916363520978,0.09210189417857362
2025-06-26T21:22:32,apriltag_19,-0.013582331131994448,-0.006971350725747126,0.09166921484148871
2025-06-26T21:22:32,apriltag_19,-0.014392655005828491,-0.005769244271367376,0.09050620258424848
2025-06-26T21:22:32,apriltag_19,-0.014369994499616661,-0.0009602793921823858,0.08948637917465067
2025-06-26T21:22:32,apriltag_19,-0.013611162866914123,0.003090451944040902,0.09307000114093017
2025-06-26T21:22:32,apriltag_19,-0.01622371745695464,0.002389290788660507,0.09208615167717833
2025-06-26T21:22:33,apriltag_19,-0.016520984919913176,0.002972090183826781,0.09281798540132906
2025-06-26T21:22:33,apriltag_19,-0.017941406775267215,0.002270687847814484,0.09173266799308782
2025-06-26T21:22:33,apriltag_19,-0.01768065928554144,0.003550679388492493,0.09001767662465214
2025-06-26T21:22:33,apriltag_19,-0.016421843402292354,0.004668612062511441,0.08754912910553128
2025-06-26T21:22:33,apriltag_19,-0.016795672034753285,0.0035901452133807695,0.08581651701414311
2025-06-26T21:22:33,apriltag_19,-0.016352245633626316,0.0033083159048313796,0.08546836172997328
2025-06-26T21:22:33,apriltag_19,-0.014949364262396831,0.004279679445264511,0.0844047250689027
2025-06-26T21:22:34,apriltag_19,0.004998981520280219,0.005574847157226649,0.0842250897900295
2025-06-26T21:22:34,apriltag_19,0.007164029889310644,0.006028637128870358,0.08436723100121012
2025-06-26T21:22:34,apriltag_19,0.010146687219987833,0.00375739065110721,0.08589156327047871
2025-06-26T21:22:35,apriltag_19,0.010041583388936811,0.002990598917847291,0.08653489261669119
2025-06-26T21:22:35,apriltag_19,0.01475191771050737,0.004844308745929111,0.08944032394923507
2025-06-26T21:22:35,apriltag_19,0.010882793897508862,0.0023769270166349795,0.09045555583054986
2025-06-26T21:22:35,apriltag_19,0.007684679072817258,0.005036422536650329,0.08410445424776326
2025-06-26T21:22:35,apriltag_19,0.005647902904079139,0.0030748402098117276,0.08370758853227243
2025-06-26T21:22:35,apriltag_19,0.0014211612936889412,0.002730292371330696,0.08273345196951629
2025-06-26T21:22:35,apriltag_19,0.00022090180198402863,0.001659875163177428,0.0831522434258585
2025-06-26T21:22:35,apriltag_19,-7.642258203298662e-05,0.0018644178420887192,0.08196581867464976
2025-06-26T21:22:35,apriltag_19,-0.00014984303786544974,0.001133690106918058,0.08133681975747459
2025-06-26T21:22:35,apriltag_19,3.29789559062736e-05,-0.00027161725098171657,0.08168413937651
2025-06-26T21:22:36,apriltag_19,-0.00012558829939242444,-0.00010683750884339192,0.08207806840485779
2025-06-26T21:22:36,apriltag_19,-0.0005572194295653574,-0.0002049471176259113,0.08296200696921727
2025-06-26T21:22:36,apriltag_19,-0.0010160338556669084,-0.0005276270789613566,0.08352865743735129
2025-06-26T21:22:36,apriltag_19,-0.001344337710755674,-0.0007971906403074717,0.08369062291835273
2025-06-26T21:22:36,apriltag_19,-0.0011249821145490546,-0.0015795204380335034,0.08390027292130757
2025-06-26T21:22:36,apriltag_19,0.00021724860678260744,-0.002152550167630136,0.0830687920616982
2025-06-26T21:22:36,apriltag_19,0.0007367978457239835,-0.0018962229473436572,0.08295541509726354
2025-06-26T21:22:36,apriltag_19,0.0010709459821602132,-0.0015392069443892285,0.08266044305977284
2025-06-26T21:22:36,apriltag_19,0.0013305988814034165,-0.0017290983310857507,0.08247510187141573
2025-06-26T21:22:36,apriltag_19,0.001659695476559498,-0.0016046334245078118,0.08168442550152721
2025-06-26T21:22:37,apriltag_19,0.001600485612979855,-0.0015180759222822957,0.08170092044145845
2025-06-26T21:22:37,apriltag_19,0.0015690015111095028,-0.0013889806028591631,0.08206296649936622
2025-06-26T21:22:37,apriltag_19,0.0015295021161927595,-0.0014717338460319526,0.08224227684776782
2025-06-26T21:22:37,apriltag_19,0.001686611872024442,-0.0014293119611568656,0.08232989617972233
2025-06-26T21:22:37,apriltag_19,0.0017638454867927498,-0.0015270449967921026,0.08243441617117815
2025-06-26T21:22:37,apriltag_19,0.0017640820978229012,-0.0014106825667743808,0.08311305585692662
2025-06-26T21:22:37,apriltag_19,0.0016997910366871008,-0.0013541561631402125,0.08303384476719698
2025-06-26T21:22:37,apriltag_19,0.0015937246551817053,-0.0012167034912582409,0.08278179298266972
2025-06-26T21:22:37,apriltag_19,0.001594504845900037,-0.0010366653919134303,0.0827256789153813
2025-06-26T21:22:38,apriltag_19,0.0016553261076942371,-0.0010372840304221248,0.08282961473198458
2025-06-26T21:22:38,apriltag_19,0.0023069574703141575,-0.0012422969772315077,0.0821319183376613
2025-06-26T21:22:38,apriltag_19,0.0029513375475047647,-0.0011829252891123387,0.08147854426528583
2025-06-26T21:22:38,apriltag_19,0.003187546143348627,-0.0009569518557201895,0.0817029417105266
2025-06-26T21:22:38,apriltag_19,0.002936718611933916,-0.0009612658416818323,0.08178046530786
2025-06-26T21:22:38,apriltag_19,0.0024010108142835116,-0.0017627314967280463,0.08160467199273659
2025-06-26T21:22:38,apriltag_19,0.0023967772153470307,-0.0020781574958984687,0.0812212343871134
2025-06-26T21:22:38,apriltag_19,0.0025827338543869113,-0.0020194673880642804,0.0808830927291594
2025-06-26T21:22:38,apriltag_19,0.002711385429964783,-0.0020990648445634486,0.08064987618060339
2025-06-26T21:22:39,apriltag_19,0.0030056051995371856,-0.002424483108416426,0.07969644842576785
2025-06-26T21:22:39,apriltag_19,0.0030427011480692033,-0.0025673824304802057,0.07946343978782022
2025-06-26T21:22:39,apriltag_19,0.0029859404803056107,-0.0030049071623828457,0.07877805030377219
2025-06-26T21:22:39,apriltag_19,0.003055712788067841,-0.003016765040983826,0.07866718089261136
2025-06-26T21:22:39,apriltag_19,0.0032674210155285545,-0.0026774357320054633,0.0786629375664466
2025-06-26T21:22:39,apriltag_19,0.003306969317486174,-0.0028750763316012077,0.07833650152646897
2025-06-26T21:22:39,apriltag_19,0.003313680550744194,-0.003021791611332381,0.07814977431780028
2025-06-26T21:22:39,apriltag_19,0.0035454375835079015,-0.0031437161842975962,0.07765643066541957
2025-06-26T21:22:39,apriltag_19,0.0036899312503756243,-0.003269484522185879,0.07745934706041283
2025-06-26T21:22:40,apriltag_19,0.004050665380911669,-0.0032789525035503897,0.07714213926205572
2025-06-26T21:22:40,apriltag_19,0.00417656058901883,-0.0030525657734388725,0.07722621171592663
2025-06-26T21:22:40,apriltag_19,0.003780405891540071,-0.0030027856829329567,0.07816815954287373
2025-06-26T21:22:40,apriltag_19,0.0037325279416196553,-0.0034107122438338518,0.07740289432608274
2025-06-26T21:22:40,apriltag_19,0.003498700369269057,-0.003600253796046183,0.07707020620944265
2025-06-26T21:22:40,apriltag_19,0.0015070318529463275,-0.004306995425203604,0.07675689799073433
2025-06-26T21:22:40,apriltag_19,0.001547020894132116,-0.004022131619847055,0.07662371790734589
2025-06-26T21:22:40,apriltag_19,0.0013195041991414078,-0.004453408493362201,0.07563480292085857
2025-06-26T21:22:40,apriltag_19,0.0012926953802835071,-0.004417103337947291,0.07553595443830578
2025-06-26T21:22:41,apriltag_19,0.0012465003982458298,-0.0042732631510498794,0.07558496129298582
2025-06-26T21:22:41,apriltag_19,0.0013594317676088403,-0.0041533042674256615,0.07551734391686303
2025-06-26T21:22:41,apriltag_19,0.0008088065223395254,-0.004277478754772262,0.07610549047608864
2025-06-26T21:22:41,apriltag_19,0.0007634050181247189,-0.004191523342604818,0.07617235352121855
2025-06-26T21:22:41,apriltag_19,0.0007732570012450643,-0.004149563827762301,0.07626220570837006
2025-06-26T21:22:41,apriltag_19,0.00039567921886126854,-0.004394733186969102,0.07627356025253522
2025-06-26T21:22:41,apriltag_19,0.00031430093972425647,-0.004419985340104553,0.07612484427106389
2025-06-26T21:22:41,apriltag_19,0.00034640785833675466,-0.004433501614418757,0.0761271291931295
2025-06-26T21:22:41,apriltag_19,0.00042588908450834676,-0.004485006677933531,0.07602176057742337
2025-06-26T21:22:42,apriltag_19,0.0008646577886274058,-0.004114229857810198,0.07555796894032943
2025-06-26T21:22:42,apriltag_19,0.0010376100300042571,-0.0042211494980327596,0.07547392734772128
2025-06-26T21:22:42,apriltag_19,0.001026271303549318,-0.0042231850483284514,0.07541352033452733
2025-06-26T21:22:42,apriltag_19,0.0005964563014077163,-0.004508638774692624,0.07566393734309117
2025-06-26T21:22:42,apriltag_19,0.0004029542402781347,-0.004666398531882786,0.07574335907369585
2025-06-26T21:22:42,apriltag_19,0.00045619227998806085,-0.004583734620908521,0.07571882493707577
2025-06-26T21:22:42,apriltag_19,0.0002967630036949562,-0.004791260922804675,0.07598328128956902
2025-06-26T21:22:42,apriltag_19,0.00026505768942578016,-0.004833612964998703,0.07607840001708394
2025-06-26T21:22:42,apriltag_19,0.00019856506981085316,-0.004845533372156884,0.07608366587201569
2025-06-26T21:22:43,apriltag_19,0.00017528039057471893,-0.004748632747196699,0.07604542191514542
2025-06-26T21:22:43,apriltag_19,0.0002612940903144438,-0.0047486654503825585,0.07604367683276346
2025-06-26T21:22:43,apriltag_19,0.0002832042550884146,-0.004633085487018709,0.07605374697744433
2025-06-26T21:22:43,apriltag_19,0.00014514062154722296,-0.004984366581379456,0.07593066611759744
2025-06-26T21:22:43,apriltag_19,0.0002619565549009506,-0.004916245842928087,0.07578736888122713
2025-06-26T21:22:43,apriltag_19,0.0005243909052139715,-0.004783996002284845,0.07574102976171704
2025-06-26T21:22:43,apriltag_19,0.00011713075140177636,-0.005142145253141101,0.07595941000796431
2025-06-26T21:22:43,apriltag_19,9.771858134487293e-05,-0.005119494397624363,0.07586060910457158
2025-06-26T21:22:43,apriltag_19,0.00040073292652288863,-0.004905320522621428,0.07587236685215624
2025-06-26T21:22:43,apriltag_19,0.00029481568085975023,-0.0049242487288704475,0.07591895370264069
2025-06-26T21:22:43,apriltag_19,0.00037858557777546297,-0.0052312578655701325,0.0753878319513776
2025-06-26T21:22:44,apriltag_19,0.00021158161005158972,-0.005193908640509967,0.07555088210384744
2025-06-26T21:22:44,apriltag_19,3.298841819707123e-05,-0.005271775326480159,0.07564599644493221
2025-06-26T21:22:44,apriltag_19,-7.324395405945987e-05,-0.005269118981265768,0.07574462440591927
2025-06-26T21:22:44,apriltag_19,-0.00017902013516813583,-0.005479947024944711,0.07723441772405622
2025-06-26T21:22:44,apriltag_19,-6.037681719379504e-05,-0.005302445012467349,0.07562246412481151
2025-06-26T21:22:44,apriltag_19,4.662758894744606e-05,-0.005552744204734584,0.07695569751050367
2025-06-26T21:22:44,apriltag_19,0.0010648643984622424,-0.0054960776211244984,0.07634345538898527
2025-06-26T21:22:44,apriltag_19,0.002327954136629965,-0.005557448515721231,0.0757091255446745
2025-06-26T21:23:16,apriltag_19,0.000845241353497534,-0.000713462923623429,0.06537856652028463
2025-06-26T21:23:17,apriltag_19,0.0022978505654772064,-0.00015070084313078852,0.06447161896425782
2025-06-26T21:23:17,apriltag_19,0.002520773984816847,-0.00014423018507220514,0.06540416269401908
2025-06-26T21:23:17,apriltag_19,0.0029753344882927336,-0.0004575564417917573,0.06621001363674561
2025-06-26T21:23:17,apriltag_19,0.00342843682892807,-0.0003419326252724347,0.06825897307497311
2025-06-26T21:23:17,apriltag_19,0.0035372611732600984,-0.0004412739183861944,0.06844828697873878
2025-06-26T21:23:17,apriltag_19,0.0036153857681999794,-0.00045895740137368913,0.06875074114761016
2025-06-26T21:23:17,apriltag_19,0.003540797703848123,-0.000449628857144229,0.06890501276994355
2025-06-26T21:23:17,apriltag_19,0.003438348615547819,-0.00047420948730073575,0.0687810627430752
2025-06-26T21:23:17,apriltag_19,0.003440126316003913,-0.000356712145944858,0.06803506765070187
2025-06-26T21:23:17,apriltag_19,0.0034781633400364255,-6.50555974789862e-05,0.06896707635424226
2025-06-26T21:23:18,apriltag_19,0.0035925430450122592,8.703284826090243e-05,0.06902145229563535
2025-06-26T21:23:18,apriltag_19,0.0034937589036135876,2.5930142073787536e-05,0.0691017700067756
2025-06-26T21:23:18,apriltag_19,0.003317893199767455,-0.00014887093331965767,0.0690710251932944
2025-06-26T21:23:18,apriltag_19,0.0031081349583945406,-0.00020293889309358574,0.06920208069353029
2025-06-26T21:23:18,apriltag_19,0.00281730559598662,-0.00025833178559710944,0.06927699929372537
2025-06-26T21:23:18,apriltag_19,0.002817505226769674,-0.00010134424829776504,0.06928080657348881
2025-06-26T21:23:18,apriltag_19,0.0029175661228221274,-8.615193869382003e-05,0.06925005030315115
2025-06-26T21:23:18,apriltag_19,0.002871497208557797,-0.0002086035964408908,0.0690929441642104
2025-06-26T21:23:18,apriltag_19,0.0028716801689503326,-0.0002024403029288519,0.06908199559058684
2025-06-26T21:23:19,apriltag_19,0.0027191680757046024,-9.744858024993471e-06,0.06931022026137079
2025-06-26T21:23:19,apriltag_19,0.0027453535513793257,5.216969566392979e-05,0.06938495323595988
2025-06-26T21:23:19,apriltag_19,0.0027064452423257463,-6.615822309154715e-05,0.06927326310817786
2025-06-26T21:23:19,apriltag_19,0.002677735298521815,-8.721202567538484e-05,0.06918677808906502
2025-06-26T21:23:19,apriltag_19,0.0025790687404147403,-0.00014472036728375434,0.06915856421616721
2025-06-26T21:23:19,apriltag_19,0.002464957391312548,-0.00018479893161114444,0.06926710068234002
2025-06-26T21:23:19,apriltag_19,0.0023226408622387105,-0.0002457733034901926,0.06918488836187284
2025-06-26T21:23:19,apriltag_19,0.0021652200076103336,-0.00032240283678319217,0.06907773552737208
2025-06-26T21:23:19,apriltag_19,0.0022229410463545035,-0.00038015601251023827,0.06909773188925902
2025-06-26T21:23:19,apriltag_19,0.002099608474587689,-0.00042248856243099766,0.0691588414513076
2025-06-26T21:23:20,apriltag_19,0.001971467843888188,-0.0005233635283913945,0.0692895059301786
2025-06-26T21:23:20,apriltag_19,0.001971514307372124,-0.0005150178143842971,0.06934168333227948
2025-06-26T21:23:20,apriltag_19,0.0019692243688463128,-0.0006078057968779671,0.06923455988919792
2025-06-26T21:23:20,apriltag_19,0.0019236941497351944,-0.0005967659353889531,0.0692364447295989
2025-06-26T21:23:20,apriltag_19,0.0015857860638282138,-0.0007263091492374197,0.06973136437827425
2025-06-26T21:23:20,apriltag_19,0.0015674737277153157,-0.0007351919335026579,0.06980806704903947
2025-06-26T21:23:20,apriltag_19,0.0015159067742307594,-0.0007623551819750057,0.06988792802822337
2025-06-26T21:23:20,apriltag_19,0.0015752613480642093,-0.0007767685847665827,0.06985439294276638
2025-06-26T21:23:20,apriltag_19,0.0020221213366337994,-0.0005086258352874215,0.07013803758442701
2025-06-26T21:23:20,apriltag_19,0.001942461335605662,-0.0005088036840123881,0.07013864785718948
2025-06-26T21:23:21,apriltag_19,0.0019596438461297974,-0.0004482279488056941,0.07022422925637545
2025-06-26T21:23:21,apriltag_19,0.002048401884107056,-0.0008087461934586958,0.0686366178043131
2025-06-26T21:23:21,apriltag_19,0.0012109591691362557,-0.0018688362919728721,0.0685423769110158
2025-06-26T21:24:02,apriltag_19,-0.0010736245327921173,-0.0007428593195818968,0.09684078548206297
2025-06-26T21:24:02,apriltag_19,-0.003248587580819861,-0.0002811886788166791,0.10224138679785423
2025-06-26T21:24:03,apriltag_19,-0.006085370967264513,-0.0017174553732129403,0.10500635837003444
2025-06-26T21:24:03,apriltag_19,-0.0060952637370965835,-0.0035667126402697197,0.1041858264387041
2025-06-26T21:24:03,apriltag_19,-0.006001071740723084,-0.00362684050708621,0.10411037285551247
2025-06-26T21:24:03,apriltag_19,-0.006081396235472764,-0.003737782646897653,0.10447154766856119
2025-06-26T21:24:03,apriltag_19,-0.006120104576253187,-0.00408337239760909,0.10446566265619443
2025-06-26T21:24:03,apriltag_19,-0.006307855612349606,-0.004457366634113505,0.10459708964624984
2025-06-26T21:24:03,apriltag_19,-0.006421086875341273,-0.004630457317229365,0.10461642304122722
2025-06-26T21:24:03,apriltag_19,-0.005964506095769718,-0.004361639529457325,0.10512594477784105
2025-06-26T21:24:03,apriltag_19,-0.006419191547250626,-0.00464715343006112,0.10553031434913905
2025-06-26T21:24:03,apriltag_19,-0.006368715976440584,-0.004964898443305312,0.10599359385303951
2025-06-26T21:24:03,apriltag_19,-0.006150006799246249,-0.004367369616485645,0.10654521526313418
2025-06-26T21:24:04,apriltag_19,-0.006261076095805722,-0.004352504001249841,0.10570531511100448
2025-06-26T21:24:04,apriltag_19,-0.0062610494009560915,-0.004235273980765296,0.10571743794768675
2025-06-26T21:24:04,apriltag_19,-0.006444415944755412,-0.004232026711435908,0.10590994258768228
2025-06-26T21:24:04,apriltag_19,-0.006548383027331338,-0.004230293991856662,0.1060645517316719
2025-06-26T21:24:04,apriltag_19,-0.006497908653827097,-0.004314723351837824,0.10625564278674975
2025-06-26T21:24:04,apriltag_19,-0.006567454617138452,-0.004227762910496078,0.1063293811536437
2025-06-26T21:24:04,apriltag_19,-0.006912944751371299,-0.004133500820105744,0.10651218562782877
2025-06-26T21:24:04,apriltag_19,-0.006940111869612579,-0.004161182008251973,0.10676101605030784
2025-06-26T21:24:04,apriltag_19,-0.0067930855036115925,-0.0040982312871930306,0.10685326134427185
2025-06-26T21:24:04,apriltag_19,-0.006816772772044105,-0.004272162322349655,0.10718124615643938
2025-06-26T21:24:05,apriltag_19,-0.002163060658611932,0.00026367292003120915,0.12007924330824758
2025-06-26T21:24:05,apriltag_19,-0.012149832044214678,0.014801707956516554,0.15056295964071512
2025-06-26T21:24:05,apriltag_19,-0.013934847334789075,0.01649693936767297,0.15336491090948087
2025-06-26T21:24:05,apriltag_19,-0.016624509840054036,0.01890767281132445,0.15616300033079336
2025-06-26T21:24:05,apriltag_19,-0.016824246580721052,0.01804083172005642,0.155964640970087
2025-06-26T21:24:05,apriltag_19,-0.01606503995475741,0.016412187561574698,0.15526413628665992
2025-06-26T21:24:06,apriltag_19,-0.016075185796079954,0.01615398719651971,0.15495964835269832
2025-06-26T21:24:06,apriltag_19,-0.01705402229102945,0.016066107824527526,0.15496977618981556
2025-06-26T21:24:06,apriltag_19,-0.017231825050355688,0.016113429381569063,0.15498930071696615
2025-06-26T21:24:06,apriltag_19,-0.01653631845871206,0.01579949482337364,0.15492885811806797
2025-06-26T21:24:06,apriltag_19,-0.016338551092237856,0.015692415276731833,0.1550887620797299
2025-06-26T21:24:06,apriltag_19,-0.01597656627873662,0.015689866172110357,0.15540915320485738
2025-06-26T21:24:06,apriltag_19,-0.0160696807377394,0.015742586660156804,0.15546018813484705
2025-06-26T21:24:06,apriltag_19,-0.016114406394413614,0.015783061559160563,0.15580958677383167
2025-06-26T21:24:07,apriltag_19,-0.02579721167484054,0.02912989510996445,0.16628727255270356
2025-06-26T21:24:08,apriltag_19,-0.04555107874468967,0.05121436276510348,0.18838458700762742
2025-06-26T21:24:08,apriltag_19,-0.04515436797731259,0.05078696211964036,0.1878372412759536
2025-06-26T21:24:08,aruco_17,-1.4749848519521487,-0.45143283010248947,2.420827294120074
2025-06-26T21:24:08,apriltag_19,-0.04428836045874523,0.05002284355417087,0.18579125280581246
2025-06-26T21:24:08,apriltag_19,-0.04401161060585739,0.05006613854081586,0.18613320184157364
2025-06-26T21:24:08,apriltag_19,-0.043857646914691524,0.05000982579100371,0.18593260193927813
2025-06-26T21:24:08,apriltag_19,-0.04378972867623626,0.049837662651363676,0.186069700673038
2025-06-26T21:24:08,apriltag_19,-0.04354610987974124,0.04948562798182127,0.18593003132648375
2025-06-26T21:24:08,apriltag_19,-0.04364082041091362,0.049265330047005944,0.1857059544943579
2025-06-26T21:24:09,apriltag_19,-0.043303779054908655,0.047908508536738115,0.18554995146586253
2025-06-26T21:24:09,apriltag_19,-0.0431344747897365,0.04729558274499778,0.18504734050031815
2025-06-26T21:24:09,apriltag_19,-0.04327859384529378,0.047655220685913685,0.18521662690842733
2025-06-26T21:24:09,apriltag_19,-0.043945617650745894,0.04723447506397092,0.18559366770969682
2025-06-26T21:24:09,apriltag_19,-0.04282388381184457,0.045817443017949204,0.18518306547909527
2025-06-26T21:24:09,apriltag_19,-0.0004549763704638222,0.0007819683598903143,0.17095403583142363
2025-06-26T21:24:09,apriltag_19,-0.00419896982634371,-0.003921251336451263,0.16640196996091214
2025-06-26T21:24:09,apriltag_19,-0.006696752641626188,-0.004438721412342586,0.16481688546830692
2025-06-26T21:24:10,apriltag_19,-0.011618896165819424,-0.005040330155374677,0.16149807772778782
2025-06-26T21:24:10,apriltag_19,-0.013395801868483858,-0.005768613169877607,0.1621368861260102
2025-06-26T21:24:10,apriltag_19,-0.020357889275267053,-0.006823980631379426,0.1607467151924503
2025-06-26T21:24:10,apriltag_19,-0.01979317668370725,-0.0057961969530184515,0.16296158407399072
2025-06-26T21:24:10,apriltag_19,-0.019007467445449042,-0.003637618233208579,0.16431985498859566
2025-06-26T21:24:10,apriltag_19,-0.018575499845011795,-0.001922892215195075,0.16563095077802772
2025-06-26T21:24:10,apriltag_19,-0.014067945096235218,0.0002022373452413909,0.1682261905651607
2025-06-26T21:24:10,apriltag_19,-0.014601206922573134,0.0005509942101082726,0.1662620461949496
2025-06-26T21:24:10,apriltag_19,-0.015378050912952919,0.005762779670328523,0.1645101194081817
2025-06-26T21:24:11,apriltag_19,-0.017088906927418417,0.00696086477955513,0.1653253117372858
2025-06-26T21:24:11,apriltag_19,-0.01718521559166531,0.008597383864156576,0.164102029383326
2025-06-26T21:24:11,apriltag_19,-0.016388501085961436,0.010648390232824026,0.16608149299557065
2025-06-26T21:24:11,apriltag_19,-0.017527735153910366,0.011321277224873073,0.16520736931063712
2025-06-26T21:24:11,apriltag_19,-0.0175026385976544,0.013508759466671984,0.16521562823021063
2025-06-26T21:24:11,apriltag_19,-0.01755946894282876,0.013307536862513613,0.1652035217737602
2025-06-26T21:24:11,apriltag_19,-0.018050701785233256,0.01289758656414076,0.16504161912596363
2025-06-26T21:24:11,apriltag_19,-0.018554859039168165,0.012777103143487636,0.16474474764742522
2025-06-26T21:24:11,apriltag_19,-0.01981708550517059,0.011855822170953717,0.16395978561097252
2025-06-26T21:24:11,apriltag_19,-0.02033117399606936,0.012105657791478744,0.16396550071262495
2025-06-26T21:24:12,apriltag_19,-0.02069245968829751,0.01230821592936023,0.16397337178977708
2025-06-26T21:24:12,apriltag_19,-0.022419754388754157,0.011288502552434531,0.1639819699751979
2025-06-26T21:24:12,apriltag_19,-0.023073706743203807,0.00973667907563569,0.16374904795517856
2025-06-26T21:24:12,apriltag_19,-0.02296659427279344,0.009531892204410454,0.16383994575789246
2025-06-26T21:24:12,apriltag_19,-0.023443756735742043,0.011047605502081231,0.16529130507784714
2025-06-26T21:24:12,apriltag_19,-0.022152507224147376,0.011957743852703826,0.16720595999662355
2025-06-26T21:24:12,apriltag_19,-0.022807406236630634,0.00998485798202785,0.17025096661725544
2025-06-26T21:24:12,apriltag_19,-0.021390732757897147,0.0077443312848268185,0.17865395214510865
2025-06-26T21:24:12,apriltag_19,-0.02034629969793374,0.008809210794934635,0.18176522161518913
2025-06-26T21:24:12,apriltag_19,-0.02086170595398436,0.015223372609392806,0.18496857856278254
2025-06-26T21:24:13,apriltag_19,-0.021077738180346178,0.01864011628031305,0.18993603413893242
2025-06-26T21:24:13,apriltag_19,-0.01754141398397988,0.0277028791143782,0.20053328424334046
2025-06-26T21:24:13,apriltag_19,-0.017921481988806342,0.029578971056279383,0.20505441627505716
2025-06-26T21:24:13,apriltag_19,-0.01940346930426764,0.03150921956888365,0.21273116629330924
2025-06-26T21:24:13,apriltag_19,-0.013430596088207129,0.032948314744699975,0.21417199024292258
2025-06-26T21:24:13,apriltag_19,-0.00953521826764563,0.03691088594882958,0.22136882276220154
2025-06-26T21:24:13,apriltag_19,-0.006899212709427494,0.03741166815648602,0.2234458521261017
2025-06-26T21:24:13,apriltag_19,-0.007089995701999578,0.037155712110940084,0.22260333656000783
2025-06-26T21:24:13,apriltag_19,-0.0067728659409853065,0.03734869345910045,0.2217611752693698
2025-06-26T21:24:14,apriltag_19,-0.005326475439426242,0.0377869332542552,0.22306443825474218
2025-06-26T21:24:14,apriltag_19,-0.00474856958705264,0.03851361237854949,0.2247062386406718
2025-06-26T21:24:14,apriltag_19,-0.004449259736973148,0.037899562777291146,0.22445104703770308
2025-06-26T21:24:14,apriltag_19,-0.004284902604380512,0.03815384850006486,0.22411761440157713
2025-06-26T21:24:14,apriltag_19,-0.004649533077638519,0.037941380131626325,0.22311694006194221
2025-06-26T21:24:14,apriltag_19,-0.0031804911770847593,0.037720405342589226,0.22212579328420365
2025-06-26T21:24:14,apriltag_19,-0.004107323532351309,0.03694527314681733,0.2218025792568887
2025-06-26T21:24:14,apriltag_19,-0.004745915029886094,0.03610270211064944,0.2219151717091262
2025-06-26T21:24:14,apriltag_19,-0.006412504356004222,0.03391768303038804,0.21975714535630866
2025-06-26T21:24:14,apriltag_19,-0.006855592311070109,0.030954531837138123,0.21645827033242354
2025-06-26T21:24:15,apriltag_19,-0.013259195997881076,0.021685490241826807,0.19672379026154968
2025-06-26T21:24:15,apriltag_19,-0.01443963622465086,0.018830472945050473,0.18440731787965156
2025-06-26T21:24:15,apriltag_19,-0.015004566554869057,0.015126253661610833,0.178632706054557
2025-06-26T21:24:15,apriltag_19,-0.021442243425654425,0.00192231627007265,0.14333153090292963
2025-06-26T21:24:15,apriltag_19,-0.018407410026134434,-0.0023084949338104525,0.13623932942357217
2025-06-26T21:24:15,apriltag_19,-0.016253832256339962,-0.004190408470291641,0.13289157543144678
2025-06-26T21:24:15,apriltag_19,-0.013728049412360435,-0.007038594702756794,0.13032269908781197
2025-06-26T21:24:15,apriltag_19,-0.012410670839128923,-0.014269075961856548,0.12133253419548158
2025-06-26T21:24:15,apriltag_19,-0.011605088921661686,-0.01518312197325945,0.1169450141685491
2025-06-26T21:24:16,apriltag_19,-0.011407681187513879,-0.014567822074204824,0.11235222447638382
2025-06-26T21:24:16,apriltag_19,-0.013696480250036183,-0.015001746056228194,0.10712160760296731
2025-06-26T21:24:16,apriltag_19,-0.013572846113163225,-0.013471667518243918,0.10633981570564535
2025-06-26T21:24:16,apriltag_19,-0.012189914557732566,-0.012215399404765386,0.10494530298841726
2025-06-26T21:24:16,apriltag_19,-0.013760595949386318,-0.010860540564148253,0.10412656614858427
2025-06-26T21:24:16,apriltag_19,-0.015040027215552634,-0.007510804758464867,0.10521058472322886
2025-06-26T21:24:16,apriltag_19,-0.015673163780240196,-0.006058922877596369,0.10471949024704508
2025-06-26T21:24:16,apriltag_19,-0.015360074352080979,-0.0035216658606237725,0.10610550700310727
2025-06-26T21:24:16,apriltag_19,-0.016661840056140957,-0.002806262975886529,0.10607737149372962
2025-06-26T21:24:16,apriltag_19,-0.016539642451685786,-0.0030093238515601015,0.10629132193760397
2025-06-26T21:24:17,apriltag_19,-0.016319739164813527,-0.002937225899503968,0.10684491550076151
2025-06-26T21:24:17,apriltag_19,-0.01635386609303297,-0.003143279492733947,0.10765682526232014
2025-06-26T21:24:17,apriltag_19,-0.016804708223345868,-0.0034228540184255895,0.10800840030204426
2025-06-26T21:24:17,apriltag_19,-0.01682359510917569,-0.0035907211413811983,0.1077128160133828
2025-06-26T21:24:17,apriltag_19,-0.017310203658853423,-0.00439861456088627,0.10758398449360987
2025-06-26T21:24:17,apriltag_19,-0.01753957645572522,-0.004609231626250545,0.10717281183254788
2025-06-26T21:24:17,apriltag_19,-0.01751668203667026,-0.004486720639731747,0.1071213292438312
2025-06-26T21:24:17,apriltag_19,-0.017532016363007847,-0.004461497055027815,0.10569876429658409
2025-06-26T21:24:20,apriltag_19,-0.006052463340915278,0.0016723318891774684,0.07050285948347278
2025-06-26T21:24:20,apriltag_19,-0.006060756000484788,0.0007407134206304592,0.07022781780100806
2025-06-26T21:24:20,apriltag_19,-0.005884452322486507,0.00047469781281549823,0.0697450157158019
2025-06-26T21:24:20,apriltag_19,-0.005856711384497962,0.00026996947984344775,0.06891011581248374
2025-06-26T21:24:20,apriltag_19,-0.005886363502686844,0.0002305933884793603,0.0688002156738561
2025-06-26T21:24:20,apriltag_19,-0.005895543970120753,0.00017307378230882174,0.06894460840700216
2025-06-26T21:24:20,apriltag_19,-0.006043218095121722,0.00022431452841273374,0.06953975949007346
2025-06-26T21:24:21,apriltag_19,-0.006146335705201755,-4.3279631777502896e-05,0.06953186538094536
2025-06-26T21:24:21,apriltag_19,-0.0066841328658457854,-0.00043471172924047644,0.06952645120042236
2025-06-26T21:24:21,apriltag_19,-0.006831080552157571,-0.000468445497720061,0.06950432018513651
2025-06-26T21:24:21,apriltag_19,-0.006900552526054572,-0.00035063501198938525,0.0696889088734781
2025-06-26T21:24:21,apriltag_19,-0.007103940387334632,-0.0003902288584360043,0.06969830341250349
2025-06-26T21:24:21,apriltag_19,-0.0073155056805666654,-0.0006349240044190455,0.06956788493777478
2025-06-26T21:24:21,apriltag_19,-0.006773711831809425,-0.0004901121682446436,0.06964298868961649
2025-06-26T21:24:21,apriltag_19,-0.006732352023472987,-0.0004525122175931116,0.06965268579961119
2025-06-26T21:24:21,apriltag_19,-0.006593846587081982,-0.00041972551826488134,0.06969078273082395
2025-06-26T21:24:22,apriltag_19,-0.006412863943820581,-0.0005742393547405186,0.0696242018196855
2025-06-26T21:24:22,apriltag_19,-0.006445816307235444,-0.0006918327144157124,0.0695993502700898
2025-06-26T21:24:28,apriltag_19,0.03738425885487614,0.012240476812251985,0.09991454684511862
2025-06-26T21:24:28,apriltag_19,0.03697135260363772,0.008567085636717752,0.09915723903127435
2025-06-26T21:24:28,apriltag_19,0.03743019818589027,0.007465439211329806,0.09942020152317854
2025-06-26T21:24:28,apriltag_19,0.037079453876247614,0.007681675162042227,0.09941992525909925
2025-06-26T21:24:28,apriltag_19,0.03670339912813374,0.006293529041531251,0.09927721914292345
2025-06-26T21:24:29,apriltag_19,0.03654116339745836,0.005751810239486149,0.0997161268974487
2025-06-26T21:24:29,apriltag_19,0.036044802903410014,0.005456236327564894,0.0988825720383687
2025-06-26T21:24:29,apriltag_19,0.03726714868722744,0.005789318751386244,0.09777491121764491
2025-06-26T21:24:29,apriltag_19,0.03679090891338222,0.005875118304851147,0.0989790134647711
2025-06-26T21:24:29,apriltag_19,0.03677327174130627,0.006279887359054539,0.09944110914785678
2025-06-26T21:24:29,apriltag_19,0.03735604518071839,0.005472759005641624,0.09881672606314353
2025-06-26T21:24:29,apriltag_19,0.037300754317729855,0.005207504154490578,0.0985199681041158
2025-06-26T21:24:29,apriltag_19,0.03721506362912616,0.0053881969482282785,0.09868945518734815
2025-06-26T21:24:29,apriltag_19,0.037293658580261756,0.005393986908691182,0.09856393942217992
2025-06-26T21:24:29,apriltag_19,0.03783896652804889,0.005670849421884084,0.09901428604071803
2025-06-26T21:24:30,apriltag_19,0.03792205673895027,0.005480348289857118,0.09882876453676283
2025-06-26T21:24:30,apriltag_19,0.038469555670331154,0.004412699137781511,0.09740233562139687
2025-06-26T21:24:30,apriltag_19,0.03872303801250089,0.004416638753120603,0.09743706245079639
2025-06-26T21:24:30,apriltag_19,0.03878076713625646,0.0035137615128771906,0.09668150749949184
2025-06-26T21:24:30,apriltag_19,0.03820699992290783,0.0034672084245094565,0.09656346093085091
2025-06-26T21:24:30,apriltag_19,0.038426468837445285,0.0036132428596222,0.09656518410365324
2025-06-26T21:24:30,apriltag_19,0.038754549051298826,0.0037137909042642627,0.09665555796496611
2025-06-26T21:24:30,apriltag_19,0.03876728296857638,0.0035428599779006448,0.09646024887310652
2025-06-26T21:24:30,apriltag_19,0.03881613216563057,0.003301369437909012,0.09621130761452464
2025-06-26T21:24:31,apriltag_19,0.03855134466676733,0.003290868131389375,0.0960937946692608
2025-06-26T21:24:31,apriltag_19,0.03865461583486145,0.003328860547304412,0.09603102946837384
2025-06-26T21:24:31,apriltag_19,0.03854673542638574,0.0029906690558118244,0.0957589696434343
2025-06-26T21:24:31,apriltag_19,0.03854187844101828,0.0028942698312087057,0.09543113328498795
2025-06-26T21:24:31,apriltag_19,0.038268051006539065,0.002726090843387267,0.09510291751984963
2025-06-26T21:24:31,apriltag_19,0.038197792979136336,0.004401197635214806,0.09268741533710416
2025-06-26T21:25:06,apriltag_19,-0.0007351722372979345,-0.0017006855865420664,0.06444332747880382
2025-06-26T21:25:06,apriltag_19,-0.0008472765928434396,-0.001759466699629431,0.06390180783249323
2025-06-26T21:25:06,apriltag_19,-0.0011266800995982326,-0.0016882618423357135,0.06468145537587897
2025-06-26T21:25:06,apriltag_19,0.00043757234739723446,-0.000742130999333662,0.06843840849163524
2025-06-26T21:25:06,apriltag_19,-0.0002789605776020944,0.002421161470573089,0.08277914008126792
2025-06-26T21:25:06,apriltag_19,-0.00022961324899113133,0.002870415227572416,0.08611462295371798
2025-06-26T21:25:06,apriltag_19,-0.00064899127764013,0.0028528546737949657,0.08722403148473995
2025-06-26T21:25:06,apriltag_19,-0.0015801666855470877,0.003190633589631346,0.08997334481611563
2025-06-26T21:25:06,apriltag_19,-0.0019067095669663126,0.0024106554935664592,0.09009594601370385
2025-06-26T21:25:06,apriltag_19,-0.002183752837819858,0.002044858696929162,0.09011923631774851
2025-06-26T21:25:07,apriltag_19,-0.004513022931377656,0.0006864492963987244,0.08954277132372723
2025-06-26T21:25:07,apriltag_19,-0.004105763460458201,-0.0026534662673267074,0.0880137463241475
2025-06-26T21:25:07,apriltag_19,-0.003964065261288984,-0.003078354850439114,0.08753214274405016
2025-06-26T21:25:07,apriltag_19,-0.003910639191007549,-0.0029074229284971145,0.08837448770980195
2025-06-26T21:25:07,apriltag_19,-0.003044196119283888,-0.0023543500848976833,0.08828040546083944
2025-06-26T21:25:07,apriltag_19,-0.002981685016156784,-0.002225315954073762,0.0882081886181326
2025-06-26T21:25:07,apriltag_19,-0.003160081668397809,-0.0019476656038793104,0.08806283272366873
2025-06-26T21:25:07,apriltag_19,-0.0035872762958139826,-0.0018436045670335026,0.08801744824941275
2025-06-26T21:25:07,apriltag_19,-0.00383398065593735,-0.0016762327374980133,0.0877780732021439
2025-06-26T21:25:08,apriltag_19,-0.003275987123219757,-0.0015503390661183033,0.0872352880834906
2025-06-26T21:25:08,apriltag_19,-0.003377899293700633,-0.0015462790783025617,0.08713041972438189
2025-06-26T21:25:08,apriltag_19,-0.0034933957720696563,-0.0016296255018982398,0.08692170335465828
2025-06-26T21:25:08,apriltag_19,-0.0033387567095180684,-0.0017347580082740853,0.08644229860671428
2025-06-26T21:25:08,apriltag_19,-0.0031028273995592384,-0.0015625778447046071,0.08604874180853778
2025-06-26T21:25:08,apriltag_19,-0.002808019554084379,-0.0015201667083764062,0.08595788870448016
2025-06-26T21:25:08,apriltag_19,-0.0025852488058833605,-0.001458674936543624,0.08586901707844109
2025-06-26T21:25:08,apriltag_19,-0.0033713357943767016,-0.0015259512077374455,0.08598991215777081
2025-06-26T21:25:08,apriltag_19,-0.0035290617620104,-0.0013446072177645894,0.08605048608922229
2025-06-26T21:25:09,apriltag_19,-0.0029291542706008237,-0.001376242155474322,0.08575115668061217
2025-06-26T21:25:09,apriltag_19,-0.0027359149628443475,-0.0011837591620623789,0.08575560901496121
2025-06-26T21:25:09,apriltag_19,-0.0026081236893569257,-0.0013132388581869386,0.08571633000184063
2025-06-26T21:25:09,apriltag_19,-0.0028168158166760127,-0.0016497229990884061,0.0856360085660958
2025-06-26T21:25:09,apriltag_19,-0.0033215031967864656,-0.0016210527736323715,0.08560974193907875
2025-06-26T21:25:09,apriltag_19,-0.003486167015970206,-0.001647232365795338,0.08555663451453924
2025-06-26T21:25:09,apriltag_19,-0.003446014393296184,-0.0017583216665655662,0.08562014300353321
2025-06-26T21:25:09,apriltag_19,-0.0035672071852149577,-0.001869529904063451,0.08557989753224578
2025-06-26T21:25:09,apriltag_19,-0.003016657208961691,-0.0017767754172086539,0.0852881315137903
2025-06-26T21:25:10,apriltag_19,-0.002665584942669202,-0.0014538190888535817,0.08508442407622727
2025-06-26T21:25:10,apriltag_19,-0.003167689094432568,-0.0011069062105619311,0.0852595259213401
2025-06-26T21:25:10,apriltag_19,-0.003303978683884319,-0.0011176444883655978,0.08507319644861198
2025-06-26T21:25:10,apriltag_19,-0.003168348821048125,-0.0011478569960025025,0.08493390413271053
2025-06-26T21:25:10,apriltag_19,-0.0029992719454205383,-0.0011039395844016507,0.08498761752289044
2025-06-26T21:25:10,apriltag_19,-0.002537914878577484,-0.0011767396777710257,0.08494609040588715
2025-06-26T21:25:10,apriltag_19,-0.002481869934917424,-0.0011634320014475537,0.08487784369089553
2025-06-26T21:25:10,apriltag_19,-0.002517251042094532,-0.001159829483728467,0.0849180622691436
2025-06-26T21:25:10,apriltag_19,-0.0024099867168841955,-0.0011441620706218246,0.0848106628179716
2025-06-26T21:25:10,apriltag_19,-0.002307487323548292,-0.001090603409496382,0.08474576652977024
2025-06-26T21:25:11,apriltag_19,-0.0021969339411002336,-0.0012192562168563776,0.08476856283756769
2025-06-26T21:25:11,apriltag_19,-0.0022897503788476326,-0.0012131819279911449,0.08479034042879162
2025-06-26T21:25:11,apriltag_19,-0.002278384407015954,-0.0012514102846426115,0.08480197570627972
2025-06-26T21:25:11,apriltag_19,-0.0022701887728647334,-0.0012277450710780843,0.08482232150428638
2025-06-26T21:25:11,apriltag_19,-0.0023499917360034358,-0.0012707357191952956,0.08486940926002107
2025-06-26T21:25:11,apriltag_19,-0.0025348710269198116,-0.0014092053572601112,0.08483673349788963
2025-06-26T21:25:11,apriltag_19,-0.001854744764810866,-0.0011828787625233902,0.08461879970629245
2025-06-26T21:25:11,apriltag_19,-0.0014336594416694212,-0.0010778798363492664,0.08452519632245876
2025-06-26T21:25:11,apriltag_19,-0.0003545662902685901,-0.0035715595745126985,0.08287634827616557
2025-06-26T21:25:11,apriltag_19,-0.016806220966966094,-0.0025362607077317103,0.07171542135880123
